{
    "meelu/DA-BPE-Cerebras": {
        "Compounds": {
            "f1": 0.49047619047619045,
            "precision": 0.4881516587677725,
            "recall": 0.49282296650717705,
            "accuracy": 36.27450980392157
        },
        "Compounds with Linking": {
            "f1": 0.19886363636363638,
            "precision": 0.24475524475524477,
            "recall": 0.1674641148325359,
            "accuracy": 0.0
        },
        "Inflection": {
            "f1": 0.08620689655172413,
            "precision": 0.1111111111111111,
            "recall": 0.07042253521126761,
            "accuracy": 0.0
        },
        "Prefixes": {
            "f1": 0.23423423423423423,
            "precision": 0.22413793103448276,
            "recall": 0.24528301886792453,
            "accuracy": 17.307692307692307
        },
        "Root Morphemes": {
            "f1": 0.8689655172413793,
            "precision": 0.8689655172413793,
            "recall": 0.8689655172413793,
            "accuracy": 86.89655172413792
        },
        "Suffixes": {
            "f1": 0.1176470588235294,
            "precision": 0.14583333333333334,
            "recall": 0.09859154929577464,
            "accuracy": 5.88235294117647
        },
        "avg.": {
            "f1": 0.33273225561511566,
            "precision": 0.3471591327072206,
            "recall": 0.3239249503260098,
            "accuracy": 24.39351779615471
        }
    },
    "meelu/DA-MORPH-Cerebras": {
        "Compounds": {
            "f1": 0.5657142857142857,
            "precision": 0.7021276595744681,
            "recall": 0.47368421052631576,
            "accuracy": 42.15686274509804
        },
        "Compounds with Linking": {
            "f1": 0.41077441077441085,
            "precision": 0.6931818181818182,
            "recall": 0.291866028708134,
            "accuracy": 20.3125
        },
        "Inflection": {
            "f1": 0.5737704918032787,
            "precision": 0.6862745098039216,
            "recall": 0.49295774647887325,
            "accuracy": 37.03703703703704
        },
        "Prefixes": {
            "f1": 0.4117647058823529,
            "precision": 0.546875,
            "recall": 0.330188679245283,
            "accuracy": 25.0
        },
        "Root Morphemes": {
            "f1": 0.8275862068965517,
            "precision": 0.8275862068965517,
            "recall": 0.8275862068965517,
            "accuracy": 82.75862068965517
        },
        "Suffixes": {
            "f1": 0.6935483870967741,
            "precision": 0.8113207547169812,
            "recall": 0.6056338028169014,
            "accuracy": 58.82352941176471
        },
        "avg.": {
            "f1": 0.580526414694609,
            "precision": 0.7112276581956234,
            "recall": 0.5036527791120099,
            "accuracy": 44.34809164725916
        }
    },
    "meelu/DA-MIXED-CEREBRAS": {
        "Compounds": {
            "f1": 0.5403050108932461,
            "precision": 0.496,
            "recall": 0.5933014354066986,
            "accuracy": 44.11764705882353
        },
        "Compounds with Linking": {
            "f1": 0.387409200968523,
            "precision": 0.39215686274509803,
            "recall": 0.3827751196172249,
            "accuracy": 20.3125
        },
        "Inflection": {
            "f1": 0.4888888888888889,
            "precision": 0.515625,
            "recall": 0.4647887323943662,
            "accuracy": 37.03703703703704
        },
        "Prefixes": {
            "f1": 0.3739130434782609,
            "precision": 0.3467741935483871,
            "recall": 0.4056603773584906,
            "accuracy": 28.846153846153843
        },
        "Root Morphemes": {
            "f1": 0.7619047619047619,
            "precision": 0.7058823529411765,
            "recall": 0.8275862068965517,
            "accuracy": 82.75862068965517
        },
        "Suffixes": {
            "f1": 0.6142857142857142,
            "precision": 0.6231884057971014,
            "recall": 0.6056338028169014,
            "accuracy": 58.82352941176471
        },
        "avg.": {
            "f1": 0.5277844367365658,
            "precision": 0.5132711358386272,
            "recall": 0.5466242790817055,
            "accuracy": 45.315914673905716
        }
    },
    "meelu/STD-BPE-CEREBRAS": {
        "Compounds": {
            "f1": 0.10784313725490195,
            "precision": 0.08188585607940446,
            "recall": 0.15789473684210525,
            "accuracy": 1.9607843137254901
        },
        "Compounds with Linking": {
            "f1": 0.07554671968190856,
            "precision": 0.06462585034013606,
            "recall": 0.09090909090909091,
            "accuracy": 0.0
        },
        "Inflection": {
            "f1": 0.2208588957055215,
            "precision": 0.1956521739130435,
            "recall": 0.2535211267605634,
            "accuracy": 7.4074074074074066
        },
        "Prefixes": {
            "f1": 0.22480620155038758,
            "precision": 0.19078947368421054,
            "recall": 0.27358490566037735,
            "accuracy": 17.307692307692307
        },
        "Root Morphemes": {
            "f1": 0.1651376146788991,
            "precision": 0.12371134020618557,
            "recall": 0.2482758620689655,
            "accuracy": 24.82758620689655
        },
        "Suffixes": {
            "f1": 0.2958579881656805,
            "precision": 0.25510204081632654,
            "recall": 0.352112676056338,
            "accuracy": 20.588235294117645
        },
        "avg.": {
            "f1": 0.18167509283954986,
            "precision": 0.1519611225065511,
            "recall": 0.22938306638290673,
            "accuracy": 12.015284254973233
        }
    },
    "meelu/DA-MORPH-LLAMA3.2": {
        "Compounds": {
            "f1": 0.5580110497237569,
            "precision": 0.6601307189542484,
            "recall": 0.48325358851674644,
            "accuracy": 44.11764705882353
        },
        "Compounds with Linking": {
            "f1": 0.41423948220064727,
            "precision": 0.64,
            "recall": 0.3062200956937799,
            "accuracy": 23.4375
        },
        "Inflection": {
            "f1": 0.592,
            "precision": 0.6851851851851852,
            "recall": 0.5211267605633803,
            "accuracy": 40.74074074074074
        },
        "Prefixes": {
            "f1": 0.4065934065934066,
            "precision": 0.4868421052631579,
            "recall": 0.3490566037735849,
            "accuracy": 26.923076923076923
        },
        "Root Morphemes": {
            "f1": 0.8666666666666666,
            "precision": 0.8387096774193549,
            "recall": 0.896551724137931,
            "accuracy": 89.65517241379311
        },
        "Suffixes": {
            "f1": 0.6929133858267716,
            "precision": 0.7857142857142857,
            "recall": 0.6197183098591549,
            "accuracy": 61.76470588235294
        },
        "avg.": {
            "f1": 0.5884039985018749,
            "precision": 0.6827636620893721,
            "recall": 0.5293211804240963,
            "accuracy": 47.77314050313121
        }
    },
    "meelu/STD-BPE-LLAMA3.2": {
        "Compounds": {
            "f1": 0.13287904599659284,
            "precision": 0.10317460317460317,
            "recall": 0.18660287081339713,
            "accuracy": 3.9215686274509802
        },
        "Compounds with Linking": {
            "f1": 0.09523809523809523,
            "precision": 0.08394160583941605,
            "recall": 0.11004784688995216,
            "accuracy": 1.5625
        },
        "Inflection": {
            "f1": 0.15686274509803919,
            "precision": 0.14634146341463414,
            "recall": 0.16901408450704225,
            "accuracy": 3.7037037037037033
        },
        "Prefixes": {
            "f1": 0.22764227642276424,
            "precision": 0.2,
            "recall": 0.2641509433962264,